Company,company_number,sic_codes,Industry,start_index,end_index,sic_descriptions,title,Source Text,equity,employees,id,Risk Description,Risk Type,Risk Impact,Risk Summary,Pass,Risk Countries,Country Relevance,Postcode,Locality,European Electoral Region,Link,Date
CXR LIMITED,4294298,['74990'],[None],910,1853,[None],Prod223_3659_04294298_20230629,"The company continues with its research and development activities, being principally the research and design of multifocus X-ray sources, adopting real-time tomography.
 The company's primary source of income is license fee revenue on the sale of real-time tomography to other group companies.
 The Directors consider the results for the year to be satisfactory and are optimistic about the future prospects of the company. The company remains dependant on the financial support of other group companies while it develops its products but the Directors are confident that this support will continue for the foreseeable future.
 Business environment
 The company operates in the growing market of security screening, with the increased alertness toward terrorist threat and border protection. The aviation market is highly regulated, whereas other areas such as border protection and ports have developing requirements and standards.
 Strategy",2256822,4,39806,increasing alertness towards terrorist threats in the security screening market,Terrorism,,,True,[],,EC4M 9AF,London,London,https://find-and-update.company-information.service.gov.uk/company/04294298/filing-history/MzQxNTQyMjQyN2FkaXF6a2N4/document?format=xhtml&download=0,2024-03-20
INTEROCEAN PERSONNEL SERVICES (UK) LIMITED,3372216,['78109'],Administrative and Support Service Activities,6865,7475,"['Activities of employment placement agencies (other than motion picture, television and other theatrical casting) nec']",Prod223_3659_03372216_20231231,"Customers
Our customers are our priority, we have dedicated customer account managers an strong long term relationships with our key customers.

Employees
The workforce is the company's most valuable asset and also the importance to maintain a strong bank of consultants to able the company to meet its customer requirements.

Future Developments
The business projections for 2024 remain in an unsecured environment, the impact of the Ukrainian war, the unrest in the Middle East and the tensions around China continue to have a latent effect on the energy supply and pricing, the world trade and world safety.",4772962,57,12268,Impact of the Ukrainian war,Interstate Conflict,latent effect on energy supply and pricing; world trade disruption; compromised world safety,,True,['Ukraine'],"The risk analysed pertains to the unsecured global environment that is impacting business operations, specifically due to the Ukrainian war, the unrest in the Middle East, and the tensions around China. These circumstances present potential political, economic, and social instability that could adversely affect the company’s operations, supply chains, energy pricing, world trade and safety.",TS18 3TS,Stockton On Tees,North East,https://find-and-update.company-information.service.gov.uk/company/03372216/filing-history/MzQxNTQ2MDk5OGFkaXF6a2N4/document?format=xhtml&download=0,2024-03-20
DSHWOOD UK LIMITED,SC392616,['82990'],Administrative and Support Service Activities,2754,3521,['Other business support service activities nec'],Prod223_3659_SC392616_20230630,"Fuel and transport costs during the past year caused a considerable unforeseen increase in haulage and freight movement costs.

Brexit – There hasn’t been a significant impact on the company over the period but longer term it could result in changes which will affect the movement of goods, exchange rates and price of imports.

Ukraine war – this has continued to create further significant economic disruption to the UK and Europe.
Credit risk –the risk that a counterparty will not meet its obligations in a customer contract leading to financial loss. The company is exposed to credit risk from its operating activities, primarily trade receivables. Customer credit is managed by the company’s policy and procedures. Credit risk is further mitigated by insurance.",800000,7,20036,Continued war in Ukraine,Interstate Conflict,economic disruption in the UK and Europe,,True,['Ukraine'],The continuation of the war in Ukraine has significant economic disruption and potential risk implications.,IV2 5GH,Inverness,Scotland,https://find-and-update.company-information.service.gov.uk/company/SC392616/filing-history/MzQxNTQ0NjMwMWFkaXF6a2N4/document?format=xhtml&download=0,2024-03-20
CANNING CONVEYOR CO. LIMITED,858193,"['28921', '46900']",Wholesale and Retail Trade; Repair of Motor Vehicles and Motorcycles,1912,2841,"['Manufacture of machinery for mining', 'Non-specialised wholesale trade']",Prod223_3659_00858193_20230831,"Principal risks and uncertainties
In supply terms, imports of belting are transacted in both Sterling and Euro denominated contracts and the effect of the prices of oil and the US dollar are the main drivers of belting prices. The war in Ukraine has restricted oil supply and has been reflected in increased prices from suppliers of belting.
Development and performance
The directors were determined to keep pushing marketing effort to maintain market presence and our sales force has kept closely engaged with both existing and new customers. The company remains in a very good position with a strong balance sheet. The company is in a good competitive position with a first class engineering facility and a large stock of belting and roller spares to allow its innovative, entrepreneurial, team of employees, backed by excellent support from the company’s bankers and advisors, to build on the profit growth achieved this year.",3404278,71,9991,Ukraine war,Interstate Conflict,Oil supply restriction; Increased prices from suppliers of belting,,True,['Ukraine'],The war in Ukraine has restricted oil supply and has been reflected in increased prices from suppliers of belting.,S80 1TN,"Sandy Lane, Worksop",East Midlands,https://find-and-update.company-information.service.gov.uk/company/00858193/filing-history/MzQxNTQ4MTQzM2FkaXF6a2N4/document?format=xhtml&download=0,2024-03-20
LIUGONG MACHINERY (UK) LIMITED,7068266,"['46140', '70229']","Professional, Scientific and Technical Activities",2650,3609,"['Agents involved in the sale of machinery, industrial equipment, ships and aircraft', 'Management consultancy activities (other than financial management)']",Prod223_3659_07068266_20221231,"In 2022, growth continued into the UK construction market with the introduction of new products, despite major global factors such as the war in Ukraine. Liugong exhibited at the Hillhead quarry exhibition, which attracted new customers to the brand, and larger key account customers came on-board.

In 2023, we have introduced further new products to enhance our product offering, including electric machines, and have continued to attract more key account customers. The biggest challenge the industry faces is the prolonged high interest rates, making consumers sit and wait until the rates improve. Housing & demolition sectors have declined, as customer confidence dropped, leading to a reduction in construction equipment sales in the second half of 2023.

KEY PERFORMANCE INDICATORS
The key performance indicators are turnover and profit and these are reflected in the results below:

The turnover for the 12 months was £33,431,597 (2021: £25,064,636).",5932370,56,23885,war in Ukraine,Interstate Conflict,,,True,['Ukraine'],"The war in Ukraine is mentioned as a major global factor that could potentially impact the growth in the UK construction market and subsequently, the introduction of new products.",PO3 5RD,Portsmouth,South East,https://find-and-update.company-information.service.gov.uk/company/07068266/filing-history/MzQxNTQ5MDEzMWFkaXF6a2N4/document?format=xhtml&download=0,2024-03-20
PINELOG LIMITED,2587185,['32990'],Manufacturing,22299,23268,['Other manufacturing nec'],Prod223_3659_02587185_20231029,"The directors have carefully considered the likely effect of the war in Europe and the Cost of Living Crisis on the Company’s future financial performance and have prepared financial projections thereon. As a result, the directors have concluded that the Company will have sufficient working capital to settle its’ liabilities as they fall due for a period of at least 12 months from the date of approval of these financial statements and on this basis it is therefore appropriate that they are prepared on a going concern basis.

Page 11
  PINELOG LIMITED
      NOTES TO THE FINANCIAL STATEMENTS
FOR THE YEAR ENDED 29 OCTOBER 2023

2.Accounting policies (continued)

  2.4

Foreign currency translation

Functional and presentation currency

The Company's functional and presentational currency is GBP.

Transactions and balances

Foreign currency transactions are translated into the functional currency using the spot exchange rates at the dates of the transactions.",2195000,41,35407,war in Europe,Interstate Conflict,Potential impact on the company’s future financial performance,,True,[],,DE4 5PL,Matlock,East Midlands,https://find-and-update.company-information.service.gov.uk/company/02587185/filing-history/MzQxNTQ1ODIxM2FkaXF6a2N4/document?format=xhtml&download=0,2024-03-20
PRAXIS ENTERTAINMENT LTD,9986767,['73120'],"Professional, Scientific and Technical Activities",9411,10356,['Media representation'],Prod223_3659_09986767_20230331,"There were no essential either adjusting events or non-adjusting events in the period of time elapsing between the balance sheet date and the date on which these financial statements are prepared. The impact of COVID-19 is described in the Going Concern Consideration Note.

The ongoing Russia-Ukraine conflict has resulted in going concern becoming a significant risk. The United States and Europe have avoided direct military conflict with Russia amid its conflict with Ukraine. They have however used a set of financial sanctions to limit Russia's access to financial resources. The impact of the sanctions may result in difficulties for the company to operate. Neither Praxis Entertainment Limited nor the owners are currently on the sanctions list at the time of this report, however this may change as the situation changes.

14. ULTIMATE CONTROLLING PARTY

The ultimate controlling party is Mr P Savvides.

15. GOING CONCERN CONSIDERATION",16895,1,19674,Russia-Ukraine conflict and the resulting financial sanctions on Russia,Interstate Conflict,difficulties for the company to operate; potential inclusion on the sanctions list,,True,"['Russia', 'Ukraine']",The risk is associated with the ongoing Russia-Ukraine conflict and the financial sanctions imposed on Russia as a result. These situations may cause financial difficulties for the company.,EN6 1AF,Potters Bar,Eastern,https://find-and-update.company-information.service.gov.uk/company/09986767/filing-history/MzQxNTQ2MjM0NGFkaXF6a2N4/document?format=xhtml&download=0,2024-03-20
MRA UK INVESTMENTS LIMITED,11399150,['96090'],Other Service Activities,4075,5068,['Other personal service activities nec'],Prod223_3659_11399150_20230630,"UK businesses are currently facing many uncertainties such as the consequences of Brexit, Covid 19, environmental sustainability and geopolitical events such as the Russian invasion of Ukraine. These uncertainties have contributed to an environment where there exists a range of issues and risks, including inflation, rising interest rates, labour shortages, disrupted supply chains and new ways of working. 
The Directors have carried out an assessment of the potential impact of these uncertainties on the business, including the impact of mitigation measures, and have concluded that these are non-adjusting events with the greatest impact on the business expected to be from the economic ripple effect on the global economy. The Directors have taken account of these potential impacts in their going concern assessment.
The Group continues to work with its partners to minimise any impacts of these events and maximise the realisation of any opportunities they may provide to the business.",38061468,2,41638,Russian invasion of Ukraine and the ensuing uncertainties,Interstate Conflict,inflation; rising interest rates; labour shortages; disrupted supply chains; new ways of working,,True,"['Russia', 'Ukraine']",The geopolitical event of 'Russian invasion of Ukraine' is contributing to the uncertainties faced by UK businesses.,LL16 4LU,Denbighshire,Wales,https://find-and-update.company-information.service.gov.uk/company/11399150/filing-history/MzQxNTQzNDA3MWFkaXF6a2N4/document?format=xhtml&download=0,2024-03-20
DSHWOOD UK LIMITED,SC392616,['82990'],Administrative and Support Service Activities,2754,3521,['Other business support service activities nec'],Prod223_3659_SC392616_20230630,"Fuel and transport costs during the past year caused a considerable unforeseen increase in haulage and freight movement costs.

Brexit – There hasn’t been a significant impact on the company over the period but longer term it could result in changes which will affect the movement of goods, exchange rates and price of imports.

Ukraine war – this has continued to create further significant economic disruption to the UK and Europe.
Credit risk –the risk that a counterparty will not meet its obligations in a customer contract leading to financial loss. The company is exposed to credit risk from its operating activities, primarily trade receivables. Customer credit is managed by the company’s policy and procedures. Credit risk is further mitigated by insurance.",800000,7,20036,potential longer-term impacts of Brexit,Emerging Regulation,changes affecting the movement of goods; fluctuations in exchange rates; changes in the price of imports,,True,[],,IV2 5GH,Inverness,Scotland,https://find-and-update.company-information.service.gov.uk/company/SC392616/filing-history/MzQxNTQ0NjMwMWFkaXF6a2N4/document?format=xhtml&download=0,2024-03-20
CHESHIRE DEMOLITION & EXCAVATION CONTRACTORS LIMITED,1967635,['43110'],Construction,3737,4708,['Demolition'],Prod223_3659_01967635_20230228,"Market risk encompasses three types of risk being currency risk, fair value interest rate risk and price risk. The company conducts all transactions in Sterling and therefore has no material exposure to currency risk. Other risks are summarised below.

Price risk in financial instruments may exist where their value varies in accordance with currency, interest rate or other market movements. None of the company's financial instruments are subject to any market movements affecting price risk. In summary therefore exposure to price risk is not considered material.

Commodity risk. The business model relies heavily on being competitive in all environments including volatile market. Thus, we rely on the recovery of commodity material for resale to boost margin. Uncertainty in the market can affect rebates paid, having a consequential effect on our pricing model. Brexit is having a consequential effect of commodity trading with fewer off-takers and more red tape.",1326969,60,31412,Brexit,Emerging Regulation,Consequential effect on commodity trading; Increased red tape; Fewer takers for commodity material resale,,True,['United Kingdom'],"Brexit refers to the United Kingdom's exit from the European Union, which is causing uncertainty in the market and consequential effects on the company's commodity trading.",SK11 7TT,Macclesfield,North West,https://find-and-update.company-information.service.gov.uk/company/01967635/filing-history/MzQxNTQ3NDcyMmFkaXF6a2N4/document?format=xhtml&download=0,2024-03-20
CHESHIRE DEMOLITION HOLDINGS LIMITED,12440524,['70100'],"Professional, Scientific and Technical Activities",3993,4962,['Activities of head offices'],Prod223_3659_12440524_20230228,"Market risk encompasses three types of risk being currency risk, fair value interest rate risk and price risk. The company conducts all transactions in Sterling and therefore has no material exposure to currency risk. Other risks are summarised below.

Price risk in financial instruments may exist where their value varies in accordance with currency, interest rate or other market movements. None of the group's financial instruments are subject to any market movements affecting price risk. In summary therefore exposure to price risk is not considered material.

Commodity risk. The business model relies heavily on being competitive in all environments including volatile market. Thus, we rely on the recovery of commodity material for resale to boost margin. Uncertainty in the market can affect rebates paid, having a consequential effect on our pricing model. Brexit is having a consequential effect of commodity trading with fewer off-takers and more red tape.",4503570,60,17977,Brexit ,Emerging Regulation,Consequential effect on commodity trading; Fewer off-takers; Increased bureaucratic processes,,True,['UK'],"The risk directly mentions the process of the UK leaving the EU (Brexit), which causes uncertainty in the market affecting commodity trading with fewer off-takers and more obstacles, impacting the company's business model and competitiveness.",SK11 7TT,Macclesfield,North West,https://find-and-update.company-information.service.gov.uk/company/12440524/filing-history/MzQxNTQ3NjU4N2FkaXF6a2N4/document?format=xhtml&download=0,2024-03-20
RAPISCAN SYSTEMS LIMITED,2755398,['82990'],Administrative and Support Service Activities,976,1868,['Other business support service activities nec'],Prod223_3659_02755398_20230629,"The company operates in the growing market of security screening, with the increased alertness towards terrorist threats and border protection. The aviation market is highly regulated, whereas other areas such as border protection and ports have developing requirements and standards. The company's aim is to provide complete security screening solutions for its clients.
 Strategy
The Company follows the group strategy as published by the ultimate holding company, OSI Systems Inc. OSI Systems Inc. files form 10-K with the U.S. Securities and Exchange Commission and from this, Item 1. Business, contains the group strategy.
 The company’s objective is to achieve sustainable growth through a combination of product development, market expansion into developing regions and complete security screening solutions.
 The key elements to the company’s growth strategy are:
 Product development",260726000,451,5747,Changing and developing regulations in areas such as border protection and ports,Emerging Regulation,,,True,[],,EC4M 9AF,London,London,https://find-and-update.company-information.service.gov.uk/company/02755398/filing-history/MzQxNTQ3NDk4OWFkaXF6a2N4/document?format=xhtml&download=0,2024-03-20
MARTYN THOMAS & CO. LIMITED,2110789,"['01110', '01420', '01450']","Agriculture, Forestry and Fishing",1376,2350,"['Growing of cereals (except rice), leguminous crops and oil seeds', 'Raising of other cattle and buffaloes', 'Raising of sheep and goats']",Prod223_3659_02110789_20230630,"1. On 1.3.2022 following the annual whole herd TB test 2 cows were deemed Inconclusive Reactors. Following slaughter lung inspection and tissue culturing failed to confirm TB infection.
2. In accordance with Welsh Government regulations no stock movements (other than to a licensed abattoir) were permitted until all stock was subjected to two clear TB Tests a minimum of 60 days apart.
3. The business is predicated on the breeding of stock from Pedigree Welsh Black Cows and sale for breeding or fattening, as a result no stock was sold until the lifting of the whole herd TB restriction on the 29.11.2022
4. Turnover in the period decreased from £152,840 in the y/end 30.6.21 to £104,959 in the y/end 30.6.2022.
5. The cost of feed for unsaleable stock rose from circa £160/tonne to £440/tonne and fertiliser for grass /silage rose from circa £220/tonne to £620/tonne.

3. AVERAGE NUMBER OF EMPLOYEES

The average number of employees during the year was NIL (2022 - 1 ) .",3209083,1,37415,Welsh Government regulations prohibited movement of cows due to possible TB infection,Food Security,"No stock sold until the lifting of whole herd TB restriction; Decreased turnover from £152,840 in the y/end 30.6.21 to £104,959 in the y/end 30.6.2022; Increased cost of feed and fertiliser for unsaleable stock",,True,[],,LD3 0UN,Brecon,Wales,https://find-and-update.company-information.service.gov.uk/company/02110789/filing-history/MzQxNTQ3MTI4MGFkaXF6a2N4/document?format=xhtml&download=0,2024-03-20
MARTYN THOMAS & CO. LIMITED,2110789,"['01110', '01420', '01450']","Agriculture, Forestry and Fishing",1376,2350,"['Growing of cereals (except rice), leguminous crops and oil seeds', 'Raising of other cattle and buffaloes', 'Raising of sheep and goats']",Prod223_3659_02110789_20230630,"1. On 1.3.2022 following the annual whole herd TB test 2 cows were deemed Inconclusive Reactors. Following slaughter lung inspection and tissue culturing failed to confirm TB infection.
2. In accordance with Welsh Government regulations no stock movements (other than to a licensed abattoir) were permitted until all stock was subjected to two clear TB Tests a minimum of 60 days apart.
3. The business is predicated on the breeding of stock from Pedigree Welsh Black Cows and sale for breeding or fattening, as a result no stock was sold until the lifting of the whole herd TB restriction on the 29.11.2022
4. Turnover in the period decreased from £152,840 in the y/end 30.6.21 to £104,959 in the y/end 30.6.2022.
5. The cost of feed for unsaleable stock rose from circa £160/tonne to £440/tonne and fertiliser for grass /silage rose from circa £220/tonne to £620/tonne.

3. AVERAGE NUMBER OF EMPLOYEES

The average number of employees during the year was NIL (2022 - 1 ) .",3209083,1,37415,Restrictions imposed due to failed TB tests on livestock,Logistics Restrictions,"The company couldn't sell any stock until the TB restriction was lifted, resulting in decreased turnover.; There was an increase in the cost of feed for unsaleable stock and for grass/silage due to the restriction",,True,['United Kingdom'],"The risk is associated with Welsh Government regulations that impact livestock movement and sale following TB tests. Wales is a part of the United Kingdom, thus making the United Kingdom relevant to the risk.",LD3 0UN,Brecon,Wales,https://find-and-update.company-information.service.gov.uk/company/02110789/filing-history/MzQxNTQ3MTI4MGFkaXF6a2N4/document?format=xhtml&download=0,2024-03-20
PRAXIS ENTERTAINMENT LTD,9986767,['73120'],"Professional, Scientific and Technical Activities",9411,10356,['Media representation'],Prod223_3659_09986767_20230331,"There were no essential either adjusting events or non-adjusting events in the period of time elapsing between the balance sheet date and the date on which these financial statements are prepared. The impact of COVID-19 is described in the Going Concern Consideration Note.

The ongoing Russia-Ukraine conflict has resulted in going concern becoming a significant risk. The United States and Europe have avoided direct military conflict with Russia amid its conflict with Ukraine. They have however used a set of financial sanctions to limit Russia's access to financial resources. The impact of the sanctions may result in difficulties for the company to operate. Neither Praxis Entertainment Limited nor the owners are currently on the sanctions list at the time of this report, however this may change as the situation changes.

14. ULTIMATE CONTROLLING PARTY

The ultimate controlling party is Mr P Savvides.

15. GOING CONCERN CONSIDERATION",16895,1,19674,Potential inclusion in the financial sanctions list due to the Russia-Ukraine conflict,Sanctions,Possible operational difficulties for the company; Uncertainties around the company's going concern status due to the ongoing geopolitical instability,,True,"['Russia', 'Ukraine', 'United States of America']",The risk of a potential inclusion in the financial sanctions list is directly linked to the ongoing conflict between Russia and Ukraine. The United States and Europe are relevant as they are the entities imposing the financial sanctions due to this conflict.,EN6 1AF,Potters Bar,Eastern,https://find-and-update.company-information.service.gov.uk/company/09986767/filing-history/MzQxNTQ2MjM0NGFkaXF6a2N4/document?format=xhtml&download=0,2024-03-20
PINELOG GROUP LIMITED,4420286,['70100'],"Professional, Scientific and Technical Activities",2950,3782,['Activities of head offices'],Prod223_3659_04420286_20231029,"Principal risks and uncertainties
  The management of the business and the execution of the Group's strategies are subject to a number of risks. The key business risks affecting the Group in the post COVID-19 pandemic world are the Cost of Living Crisis as well as the appetite for consumers to take UK vacations. Price inflation has been dramatic for certain commodities, and we have been subjected to large increases in energy costs. 
General UK economic conditions are always of concern as they impact upon the markets for timber leisure buildings, be they for use as second homes or short term holiday destinations.
 
The long-term effect of increases in the National Living Wage continues to be a concern to the businesses.

Page 1
  PINELOG GROUP LIMITED
 
GROUP STRATEGIC REPORT (CONTINUED)
FOR THE YEAR ENDED 29 OCTOBER 2023",4184000,0,8425,Long-term implications of increases in the National Living Wage,Minimum Wage Hike,Concern to the business,,True,[],,DE4 5LN,"Two Dales, Matlock",East Midlands,https://find-and-update.company-information.service.gov.uk/company/04420286/filing-history/MzQxNTQ1NDQ3MGFkaXF6a2N4/document?format=xhtml&download=0,2024-03-20
PINELOG LIMITED,2587185,['32990'],Manufacturing,1894,2821,['Other manufacturing nec'],Prod223_3659_02587185_20231029,"Principal risks and uncertainties
  The key business risks affecting the Company in the post COVID-19 pandemic world are the Cost of Living Crisis and the ongoing challenges in recruitment and the procurement of materials. Price inflation has been dramatic for certain commodities, and we have been subjected to large increases in energy costs. 
General UK economic conditions are always of concern as they impact upon the markets for timber leisure buildings, be they for use as second homes or short term holiday destinations. 
The long-term effect of increases in the National Living Wage continues to be a concern to the business.

Financial key performance indicators
  A summary of the key financial performance indicators for the year to 29 October 2023 is as follows: 
- Turnover increased 85% to £4m.
- Operating profit increased to £54,000.
- EBITDA increased to £152,000 from a loss of £576,000 in the previous year.",2195000,41,35382,Long-term effect of increases in the National Minimum Wage,Minimum Wage Hike,Concern to the business,,True,[],,DE4 5PL,Matlock,East Midlands,https://find-and-update.company-information.service.gov.uk/company/02587185/filing-history/MzQxNTQ1ODIxM2FkaXF6a2N4/document?format=xhtml&download=0,2024-03-20
PINELODGE HOLIDAYS LIMITED,1966828,['55201'],Accommodation and Food Service Activities,2624,3573,['Holiday centres and villages'],Prod223_3659_01966828_20231029,"Principal risks and uncertainties
  The key business risks affecting the Company in the post COVID-19 pandemic world are the Cost of Living Crisis as well as the appetite for consumers to take UK vacations. Price inflation has been dramatic for certain commodities, and we have been subjected to large increases in energy costs.
 
General UK economic conditions are always of concern as they impact upon the markets for timber leisure buildings, be they for use as second homes or short term holiday destinations.
The long-term effect of increases in the National Living Wage continues to be a concern to the business.

Financial key performance indicators
  A summary of the Company's key financial performance indicators year on year to 29 October 2023 are as follows:
- Turnover fell by 2.7% to £11.1m;
- Operating profit fell to £2.9m from £3.4m; 
- EBITDA (earnings before interest, tax, depreciation and amortisation) fell to £3.7m from £4.2m.",12484000,220,8342,The long-term effect of increases in the National Living Wage,Minimum Wage Hike,Concern to the business,,True,[],,DE4 5PL,Matlock,East Midlands,https://find-and-update.company-information.service.gov.uk/company/01966828/filing-history/MzQxNTQ1NjkzM2FkaXF6a2N4/document?format=xhtml&download=0,2024-03-20
ARCHITECTURAL DECORATORS LIMITED,386730,"['43290', '43320', '43341', '43390']",Construction,1839,2731,"['Other construction installation', 'Joinery installation', 'Painting', 'Other building completion and finishing']",Prod223_3659_00386730_20230630,"The year has been challenging with Inflation, lead times and Skills Shortages identified as the main factors having an effect on business. The cost of construction materials has seen very large increases across the board, negatively affecting average gross margins and general availability of some materials has caused a number of delays on some projects.

In order to combat the reduction in availability of skilled labour we continue to scale up our in house training courses, personal development plans and apprenticeship programs. Whilst doing so increases our costs, the strategy is providing our teams 'home grown' professional talent assisting in the delivery of the growing number of projects we win.

We have also been successful in securing further places on long term frameworks providing further certainty of current levels of turnover and cash flow of the Company remains strong.",11999882,169,12430,Reduction in availability of skilled labor,Talent Availability,"Company is scaling up in house training courses, personal development plans and apprenticeship programs; Increased costs",,True,[],,DA14 5DT,Sidcup,London,https://find-and-update.company-information.service.gov.uk/company/00386730/filing-history/MzQxNTQ2MTMzMmFkaXF6a2N4/document?format=xhtml&download=0,2024-03-20
SHELFORD HOLDINGS LTD,11379796,['70100'],"Professional, Scientific and Technical Activities",1912,2826,['Activities of head offices'],Prod223_3659_11379796_20230331,"The principal risk to the business is price risk through the fluctuation of oil prices, since the gas and oil sector make up a large portion of the business. The directors manage price risk on an ongoing basis to ensure they remain competitive within the market.
 Employees
The supply of skilled labour is a risk for the group as demand can fluctuate depending on the number of contracts. The directors are closely involved with the staff which helps to manage this risk, with increased investment in staff development and apprenticeships.
 Environment, health and safety incidents
Appropriate measures are implemented to ensure the risk of any environmental and health and safety issues are minimised.
 Liquidity risk
The directors regularly monitors the financial information to ensure that any risks in this area are considered on a timely basis ensuring the company has sufficient working capital.
 Credit risk",10315525,3,24443,Supply of skilled labour fluctuates with contracts,Talent Availability,Increased spending on staff development and apprenticeships,,True,[],,NE28 6HF,Wallsend,North East,https://find-and-update.company-information.service.gov.uk/company/11379796/filing-history/MzQxNTQ0MDQzOGFkaXF6a2N4/document?format=xhtml&download=0,2024-03-20
W.D. CLOSE & SONS LIMITED,2031962,['25990'],Manufacturing,1723,2652,['Manufacture of other fabricated metal products nec'],Prod223_3659_02031962_20230331,"The principal risk to the business is price risk through the fluctuation of oil prices, since companies in the gas and oil sector make up a large portion of the business. The directors manage price risk on an ongoing basis to ensure they remain competitive within the market.
 Employees
The supply of skilled labour is a risk for the company as demand can fluctuate depending on the number of contracts. The directors are closely involved with the staff which helps to manage this risk, with increased investment in staff development and apprenticeships.
 Environment, health and safety incidents
Appropriate measures are implemented to ensure the risk of any environmental and health and safety issues are minimised.
 Liquidity risk
The directors regularly monitors the financial information to ensure that any risks in this area are considered on a timely basis ensuring the company has sufficient working capital.
 Credit risk",9786410,126,33582,Fluctuation in the supply of skilled labor,Talent Availability,increased investment in staff development and apprenticeships,,True,[],,NE28 6HF,Wallsend,North East,https://find-and-update.company-information.service.gov.uk/company/02031962/filing-history/MzQxNTQ0MjA4MmFkaXF6a2N4/document?format=xhtml&download=0,2024-03-20
UMDASCH STORE MAKERS UNITED KINGDOM LTD,3880340,['31010'],Manufacturing,1894,2828,['Manufacture of office and shop furniture'],Prod223_3659_03880340_20231231,"The company works mainly in the retail sector and its sales are therefore subject to fluctuations in market conditions impacting our clients’ investment decision making. Furthermore, large sales contracts are typically awarded through a tendering process and the loss of a major contract would impact our overall annual turnover. The company seeks to reduce this risk by careful cost control whilst providing excellent service to our customers in the hope that it can rely on repeat business as well as developing a wider customer base.
 Workforce risk
 Attracting and retaining a quality workforce to provide appropriate service levels is of paramount importance to the company. It is necessary to provide challenging but rewarding roles to the best candidates and very important to develop a network of recruiters to allow the company to attract the very best industry talent necessary to fulfil future growth ambitions.
 Price risk",3323049,28,16072,Difficulty in attracting and retaining a quality workforce necessary for future growth ambitions.,Talent Availability,Company developed a network of recruiters to allow the company to attract the very best industry talent ,,True,[],,OX26 6AA,Bicester,South East,https://find-and-update.company-information.service.gov.uk/company/03880340/filing-history/MzQxNTQ5MTEzN2FkaXF6a2N4/document?format=xhtml&download=0,2024-03-20
ARCHITECTURAL DECORATORS LIMITED,386730,"['43290', '43320', '43341', '43390']",Construction,6123,7008,"['Other construction installation', 'Joinery installation', 'Painting', 'Other building completion and finishing']",Prod223_3659_00386730_20230630,"All staff have access to training and can request additional training via their appraisals in order to progress their careers within AD to their aspirations.

AD has operated an award winning apprenticeship and entry level traineeship scheme since the 1980's in order to secure new talent to meet the future needs of our business and to invest in a workforce where there is a well reported industry shortage of skills.

AD offers nationally recognised apprenticeships in both trades and business related roles and supports entry level quantity surveying staff with fully funded HNC and degrees and fully supported day release schemes with local educational providers.

AD offer fully supported training and UK recognised qualifications. Our staff benefit from a range of available options such as AAT, CIPD, HNC, and NVQ attainment (Levels 1 - 6) in numerous role specific disciplines.",11999882,169,12435,Industry-wide shortage of skills in the workforce,Talent Availability,Company operates an award winning apprenticeship and entry level traineeship scheme to secure new talent,,True,[],,DA14 5DT,Sidcup,London,https://find-and-update.company-information.service.gov.uk/company/00386730/filing-history/MzQxNTQ2MTMzMmFkaXF6a2N4/document?format=xhtml&download=0,2024-03-20
PORTLAND STONE FIRMS LIMITED,2912016,['08110'],Mining and Quarrying,1496,2238,"['Quarrying of ornamental and building stone, limestone, gypsum, chalk and slate']",Prod223_3659_02912016_20230331,"The group continues to invest in its quarry, mining and factory plant, consolidating the commitment to delivering quality products to an expanding client base, whilst retaining existing custom.

This has been reflected in a strong performance in the year with increases in turnover, gross and net profit despite cost pressure, particularly relating to energy and fuel. To mitigate the impact of these costs, the company invested in solar panels during the year to reduce costs and improve the company’s environmental footprint.

The results for the year have strengthened the group’s balance sheet with a significant increase in net current assets and a continued reduction in hire purchase obligations. The group does not have any bank debt.",7601100,69,23469,Increase in energy and fuel costs,Natural Resource Deficiency,Increased operational costs; Company invested in solar panels to reduce costs and improve company’s environmental footprint,,True,[],,DT4 9UX,Weymouth,South West,https://find-and-update.company-information.service.gov.uk/company/02912016/filing-history/MzQxNTQ4NTY4NWFkaXF6a2N4/document?format=xhtml&download=0,2024-03-20
SHELFORD HOLDINGS LTD,11379796,['70100'],"Professional, Scientific and Technical Activities",1912,2826,['Activities of head offices'],Prod223_3659_11379796_20230331,"The principal risk to the business is price risk through the fluctuation of oil prices, since the gas and oil sector make up a large portion of the business. The directors manage price risk on an ongoing basis to ensure they remain competitive within the market.
 Employees
The supply of skilled labour is a risk for the group as demand can fluctuate depending on the number of contracts. The directors are closely involved with the staff which helps to manage this risk, with increased investment in staff development and apprenticeships.
 Environment, health and safety incidents
Appropriate measures are implemented to ensure the risk of any environmental and health and safety issues are minimised.
 Liquidity risk
The directors regularly monitors the financial information to ensure that any risks in this area are considered on a timely basis ensuring the company has sufficient working capital.
 Credit risk",10315525,3,24443,fluctuation of oil prices,Natural Resource Deficiency,impact on competitiveness,,True,[],,NE28 6HF,Wallsend,North East,https://find-and-update.company-information.service.gov.uk/company/11379796/filing-history/MzQxNTQ0MDQzOGFkaXF6a2N4/document?format=xhtml&download=0,2024-03-20
CANNING CONVEYOR CO. LIMITED,858193,"['28921', '46900']",Wholesale and Retail Trade; Repair of Motor Vehicles and Motorcycles,1912,2841,"['Manufacture of machinery for mining', 'Non-specialised wholesale trade']",Prod223_3659_00858193_20230831,"Principal risks and uncertainties
In supply terms, imports of belting are transacted in both Sterling and Euro denominated contracts and the effect of the prices of oil and the US dollar are the main drivers of belting prices. The war in Ukraine has restricted oil supply and has been reflected in increased prices from suppliers of belting.
Development and performance
The directors were determined to keep pushing marketing effort to maintain market presence and our sales force has kept closely engaged with both existing and new customers. The company remains in a very good position with a strong balance sheet. The company is in a good competitive position with a first class engineering facility and a large stock of belting and roller spares to allow its innovative, entrepreneurial, team of employees, backed by excellent support from the company’s bankers and advisors, to build on the profit growth achieved this year.",3404278,71,9991,"Increased oil prices due to global issues, namely the Ukraine war, impacting belting import costs",Natural Resource Deficiency,Increased cost from suppliers of belting,,True,['Ukraine'],The war in Ukraine has restricted oil supply which has resulted in increased belting import costs due to increased oil prices.,S80 1TN,"Sandy Lane, Worksop",East Midlands,https://find-and-update.company-information.service.gov.uk/company/00858193/filing-history/MzQxNTQ4MTQzM2FkaXF6a2N4/document?format=xhtml&download=0,2024-03-20
THE BIG SHED LIMITED,4411278,"['38210', '64209']",Financial and Insurance Activities,3382,4189,"['Treatment and disposal of non-hazardous waste', 'Activities of other holding companies (not including agricultural, production, construction, distribution and financial services holding companies) nec']",Prod223_3659_04411278_20230731,"These are without a doubt some of the biggest challenges we face, along with the additional operational costs which the UK are seeing escalate through increases in raw material and utility overheads such as water, oil and electricity. There are also knowledge gaps and so we continue to draw on research and development to assist with the transfer of the application from academia to the commercial sector.
THE BIG SHED LIMITED
STRATEGIC REPORT (CONTINUED)
FOR THE YEAR ENDED 31 JULY 2023
- 2 -
Key performance indicators
The principal KPIs for the group remain focused on continued group asset investment (Euro 6 and potentially hydrostatic), continued people investment (including retention and training), continued environmental investment (including research and development) and further KTPs or AKTP's.",23904999,3,12673,"escalating operational costs due to increases in raw material and utility overheads including water, oil and electricity",Natural Resource Deficiency,increased operational costs; escalating raw material and utility overheads,,True,[],,M28 3LY,Manchester,North West,https://find-and-update.company-information.service.gov.uk/company/04411278/filing-history/MzQxNTQzNzM5OWFkaXF6a2N4/document?format=xhtml&download=0,2024-03-20
INTEROCEAN PERSONNEL SERVICES (UK) LIMITED,3372216,['78109'],Administrative and Support Service Activities,8073,9058,"['Activities of employment placement agencies (other than motion picture, television and other theatrical casting) nec']",Prod223_3659_03372216_20231231,"Taking into account the above mentioned insecurities, the general macro-economic and geopolitical factors remain positive for our business: energy transition is accelerating and development more globally (including Asia and USA), a series of new offshore wind installation vessels will be delivered in the comping years, infrastructural and land reclamation projects are continuing and starting up (this is inclusive of the next phases for Fehmarnbelt) and the climate change requires for protection actions against the rising (sea) water level. We will start 2024 from the strong business base on 2023, all of our major businesses had a strong Q4 in 2023 and this will be carried on into 2024.

ON BEHALF OF THE BOARD:




Page 3
INTEROCEAN PERSONNEL SERVICES (UK)
LIMITED (REGISTERED NUMBER: 03372216)

STRATEGIC REPORT
For The Year Ended 31 December 2023



Mr R N Kooijmans - Director


14 March 2024

Page 4
INTEROCEAN PERSONNEL SERVICES (UK)
LIMITED (REGISTERED NUMBER: 03372216)",4772962,57,12270,Rising sea levels due to climate change,Climate Change,,,True,[],"The risk of rising sea levels due to climate change was discussed in the context of general macro-economic and geopolitical factors positive for the business, including energy transition, offshore wind installations, infrastructural projects, and land reclamation. The mention of climate change requiring protection actions against rising sea levels is a direct connection to the risk.",TS18 3TS,Stockton On Tees,North East,https://find-and-update.company-information.service.gov.uk/company/03372216/filing-history/MzQxNTQ2MDk5OGFkaXF6a2N4/document?format=xhtml&download=0,2024-03-20
KIT THEATRE C.I.C.,9812512,['90010'],"Arts, Entertainment and Recreation",8150,9145,['Performing arts'],Prod223_3659_09812512_20230330,"KIT’s Stakeholders are:1) Funders such as Arts Council England, Paul Hamlyn Foundation & John Lyon Charity.These funders were consulted through regular reports and update conversations. All KIT’smain funders require detailed end-of-grant reporting where we share outcomes from theirfunding.2) Schools and Teachers: We begin partnerships with schools by consulting with them andtheir teacher teams to understand the needs of their pupils and particular ambitions to focusour work towards. This feedback cycle means our programme is under constantredevelopment as the environment inside schools evolves.3) Young people: We consult young people during ‘listening projects’ where we offer freecreative workshops which allow us to understand the ideas which are occupying youngpeople’s minds (such as Climate Change) and the types of stories and activities which fuelstheir imaginations. We also consult with young people following delivery as part of ourongoing research and evaluation programmes.4)",44446,6,38162,Young people's growing concern on climate change,Climate Change,Investment in new programming to address the ideas occupying young people’s minds namely climate change,,True,[],No countries mentioned explicitly in the risk description.,N12 0DR,London,London,https://find-and-update.company-information.service.gov.uk/company/09812512/filing-history/MzQxNTQ3NDk5OWFkaXF6a2N4/document?format=xhtml&download=0,2024-03-20
RAPISCAN SYSTEMS LIMITED,2755398,['82990'],Administrative and Support Service Activities,14344,15309,['Other business support service activities nec'],Prod223_3659_02755398_20230629,"- Fuel consumed for transport
597,738
552,499
4,204,645
3,729,778
RAPISCAN SYSTEMS LIMITED
DIRECTORS' REPORT (CONTINUED)
FOR THE YEAR ENDED 29 JUNE 2023
- 7 -
2023
2022
Emissions of CO2 equivalent
metric tonnes
metric tonnes
Scope 1 - direct emissions
- Gas combustion
57
61
- Fuel consumed for owned transport
146
138
203
199
Scope 2 - indirect emissions
- Electricity purchased
682
550
Scope 3 - other indirect emissions
- Fuel consumed for transport not owned by the company
-
-
Total gross emissions
885
749
Intensity ratio
Tonnes CO2e per $1m of revenue
2.6
2.5
Quantification and reporting methodology
We have followed the 2019 HM Government Environmental Reporting Guidelines. We have also used the GHG Reporting Protocol – Corporate Standard and have used the 2023 (2022) UK Government’s Conversion Factors for Company Reporting.
Intensity measurement
The chosen intensity measurement ratio is total gross emissions in metric tonnes CO2e per $1m of revenue.",260726000,451,5762,Emissions of CO2,Climate Change,,,True,[],No countries mentioned explicitly in the risk description.,EC4M 9AF,London,London,https://find-and-update.company-information.service.gov.uk/company/02755398/filing-history/MzQxNTQ3NDk4OWFkaXF6a2N4/document?format=xhtml&download=0,2024-03-20
MRA UK INVESTMENTS LIMITED,11399150,['96090'],Other Service Activities,17393,18286,['Other personal service activities nec'],Prod223_3659_11399150_20230630,"- 6 -
  MRA UK INVESTMENTS LIMITED
      DIRECTORS' REPORT (CONTINUED)
FOR THE YEAR ENDED 30 JUNE 2023

SECR statement

Based on the work carried out as part of the ESOS report and updated energy usage information the estimated total energy consumption is 7,963,206 kWh for 2023 (2022: 7,978,206 kWh). The table below illustrates the conversion from kWh to CO2 per kg:


2023
2022

Energy consumed from activities for which the Group is responsible involving the combustion of gas, or the consumption of fuel for the purposes of transport, and the annual quantity of energy consumed resulting from the purchase of electricity by the Group for its own use, including for the purposes of transport, in kWh
7,963,206
7,963,206

Emissions resulting from the purchase of the electricity by the Group for its own use, including the purposes of transport (in kg of CO2 equivalent)
1,760,498
1,731,659",38061468,2,41656,High energy consumption resulting in substantial CO2 emissions,Climate Change,,,True,[],No countries mentioned explicitly in the risk description.,LL16 4LU,Denbighshire,Wales,https://find-and-update.company-information.service.gov.uk/company/11399150/filing-history/MzQxNTQzNDA3MWFkaXF6a2N4/document?format=xhtml&download=0,2024-03-20
VENUS WINE & SPIRIT MERCHANTS PLC,5689256,['46342'],Wholesale and Retail Trade; Repair of Motor Vehicles and Motorcycles,19603,20292,"['Wholesale of wine, beer, spirits and other alcoholic beverages']",Prod223_3659_05689256_20230930,"The Company is committed to reducing the energy consumption and the carbon footprint of its operations. This requires significant investment in new technologies, and behaviour change. We recognise that significant emissions are produced by our operations and distribution trucks and we have been refining our transport planning to increase the efficiency of deliveries. On top of this, we have been replacing our fleet of vehicles with more efficient and less polluting trucks and vans. We have been investing in energy efficiency measures and this has started to deliver savings. Major project include an LED upgrade programme in the warehouses, offices and shops operated by the Company.",11068710,125,32174,Significant emissions from company operations and distribution,Climate Change,Large carbon footprint; Increased investment in new technologies; Need for behavioural change; Potential inefficiency of deliveries due to transport planning changes,,True,[],No countries mentioned explicitly in the risk description.,N17 0UT,London,London,https://find-and-update.company-information.service.gov.uk/company/05689256/filing-history/MzQxNTQyNDAzM2FkaXF6a2N4/document?format=xhtml&download=0,2024-03-20
PORTLAND STONE FIRMS LIMITED,2912016,['08110'],Mining and Quarrying,1496,2238,"['Quarrying of ornamental and building stone, limestone, gypsum, chalk and slate']",Prod223_3659_02912016_20230331,"The group continues to invest in its quarry, mining and factory plant, consolidating the commitment to delivering quality products to an expanding client base, whilst retaining existing custom.

This has been reflected in a strong performance in the year with increases in turnover, gross and net profit despite cost pressure, particularly relating to energy and fuel. To mitigate the impact of these costs, the company invested in solar panels during the year to reduce costs and improve the company’s environmental footprint.

The results for the year have strengthened the group’s balance sheet with a significant increase in net current assets and a continued reduction in hire purchase obligations. The group does not have any bank debt.",7601100,69,23469,Rising energy and fuel costs,Climate Change,Increased operation costs; Pressure on profit margins,,True,[],No countries mentioned explicitly in the risk description.,DT4 9UX,Weymouth,South West,https://find-and-update.company-information.service.gov.uk/company/02912016/filing-history/MzQxNTQ4NTY4NWFkaXF6a2N4/document?format=xhtml&download=0,2024-03-20
VENUS WINE & SPIRIT MERCHANTS PLC,5689256,['46342'],Wholesale and Retail Trade; Repair of Motor Vehicles and Motorcycles,11747,12709,"['Wholesale of wine, beer, spirits and other alcoholic beverages']",Prod223_3659_05689256_20230930,"S172(1) (D) “The impact of the company’s operations on the community and the environment”
The Board recognise that the environmental impact of the Company’s operations is an ever more important consideration and as such, they promote green behaviours including implementing policies to help reduce the Company’s carbon footprint. In addition, a green approach is adopted in the warehouses and offices by promoting recycling and reducing the use of plastic. The Company believes this also adds to our positive presence in local communities as an employer. 
We are working on improving our distribution system to identify where efficiencies can be achieved at every stage of the products journey to the customers. All new vehicles purchased must meet the EURO 6 standard. We have a rolling programme to replace our existing fleet with more efficient and lower polluting vehicle. We are also considering trialling Electric vehicles for deliveries where appropriate.",11068710,125,32164,Environmental impact and carbon emissions,Climate Change,,,True,[],No countries mentioned explicitly in the risk description.,N17 0UT,London,London,https://find-and-update.company-information.service.gov.uk/company/05689256/filing-history/MzQxNTQyNDAzM2FkaXF6a2N4/document?format=xhtml&download=0,2024-03-20
ARCHITECTURAL DECORATORS LIMITED,386730,"['43290', '43320', '43341', '43390']",Construction,18958,19940,"['Other construction installation', 'Joinery installation', 'Painting', 'Other building completion and finishing']",Prod223_3659_00386730_20230630,"Principal activity
The principal activity of the company in the year under review was that of building maintenance, refurbishment and decoration for public bodies and the commercial sector.

Dividends
No dividends will be distributed for the year ended 30 June 2023.

Directors
The directors shown below have held office during the whole of the period from 1 July 2022 to the date of this report.

Mr S W Doyle
Mr A L Mitchell
Mr R Gordon

Streamlined energy and carbon reporting
Type    

Consumed kwh

Emissions (Metric
tonnes C02e)


Scope 1 emissions from gas, transport and fuel use  

       2,227,338

                    471


Scope 2 emissions from electricity use  

       66,784  

                     14



Energy Intensity Ratio - emissions per employee in metric tonnes CO2e for the year ended 30 June 2023:

Total emissions (metric tonnes C02e)

        
485


Average number of employees

        
166


Emissions per employee (metric tonnes C02e)  

        
2.92",11999882,169,12452,High Scope 1 and 2 emissions,Climate Change,,,True,[],No countries mentioned explicitly in the risk description.,DA14 5DT,Sidcup,London,https://find-and-update.company-information.service.gov.uk/company/00386730/filing-history/MzQxNTQ2MTMzMmFkaXF6a2N4/document?format=xhtml&download=0,2024-03-20
